instance,pn,pm,tw,tw_lb,pmcs,time,time_asp,time_bt
1c75,69,683,29,29,40332,4348.16,4344.91,3.19
1dj7,70,726,26,26,4896,1447.30,1446.56,0.69
1dp,73,756,26,26,7245,1532.11,1531.42,0.66
1en2,69,463,16,16,2162,441.77,441.56,0.19
1-FullIns_3,30,100,11,11,499,9.30,9.25,0.03
1-FullIns_4,93,593,-1,26,8748,0.00,0.00,0.00
1-FullIns_5,282,3247,-1,22,160,0.00,0.00,0.00
1-Insertions_4,67,232,-1,17,17058,0.00,0.00,0.00
1-Insertions_5,202,1227,-1,17,320,0.00,0.00,0.00
1-Insertions_6,607,6337,-1,9,35,0.00,0.00,0.00
2-FullIns_3,52,201,15,15,5464,503.20,502.76,0.41
2-FullIns_4,212,1621,-1,19,418,0.00,0.00,0.00
2-FullIns_5,852,12201,-1,7,0,0.00,0.00,0.00
2-Insertions_3,37,72,9,9,25550,432.30,431.48,0.79
2-Insertions_4,149,541,-1,14,2953,0.00,0.00,0.00
2-Insertions_5,597,3936,-1,8,63,0.00,0.00,0.00
3-FullIns_3,80,346,-1,18,15111,0.00,0.00,0.00
3-FullIns_4,405,3524,-1,12,127,0.00,0.00,0.00
3-FullIns_5,2030,33751,-1,3,0,0.00,0.00,0.00
3-Insertions_3,56,110,-1,11,116996,0.00,0.00,0.00
3-Insertions_4,281,1046,-1,11,462,0.00,0.00,0.00
3-Insertions_5,1406,9695,-1,4,0,0.00,0.00,0.00
4-FullIns_3,114,541,-1,17,8127,0.00,0.00,0.00
4-FullIns_4,690,6650,-1,8,22,0.00,0.00,0.00
4-FullIns_5,err
4-Insertions_3,79,156,-1,10,39663,0.00,0.00,0.00
4-Insertions_4,475,1795,-1,7,143,0.00,0.00,0.00
5-FullIns_3,154,792,-1,16,5155,0.00,0.00,0.00
5-FullIns_4,1085,11395,-1,6,0,0.00,0.00,0.00
abb313GPIA,1555,53356,-1,3,0,0.00,0.00,0.00
alarm,0,0,4,-1,0,0.02,0.00,0.00
anna,28,172,12,12,142,1.09,1.05,0.01
anna-pp,22,148,12,12,60,0.55,0.53,0.00
ash331GPIA,661,4180,-1,6,0,0.00,0.00,0.00
ash608GPIA,1215,7843,-1,4,0,0.00,0.00,0.00
ash958GPIA,1915,12505,-1,2,0,0.00,0.00,0.00
barley2,30,84,7,7,666,3.00,2.95,0.03
barley,30,84,7,7,666,3.27,3.22,0.03
barley-pp,26,78,7,7,299,1.14,1.11,0.01
celar02,41,174,10,10,715,18.85,18.70,0.13
celar09pp,0,0,7,-1,0,0.02,0.00,0.00
child,0,0,3,-1,0,0.02,0.00,0.00
david,36,214,13,13,1162,7.52,7.42,0.08
david-pp,29,191,13,13,227,1.58,1.55,0.01
DSJC1000.1,1000,49629,-1,12,0,0.00,0.00,0.00
DSJC1000.5,1000,249826,-1,4,0,0.00,0.00,0.00
DSJC1000.9,1000,449449,-1,6,0,0.00,0.00,0.00
DSJC125.1,125,736,-1,22,1234,0.00,0.00,0.00
DSJC125.5,125,3891,-1,64,74,0.00,0.00,0.00
DSJC125.9,125,6961,119,119,925,148.04,147.89,0.08
DSJC250.1,250,3218,-1,20,27,0.00,0.00,0.00
DSJC250.5,250,15668,-1,38,0,0.00,0.00,0.00
DSJC250.9,250,27897,-1,235,250,0.00,0.00,0.00
DSJC500.1,500,12458,-1,16,0,0.00,0.00,0.00
DSJC500.5,500,62624,-1,25,0,0.00,0.00,0.00
DSJC500.9,500,112437,-1,121,0,0.00,0.00,0.00
DSJR500.1c,500,121275,-1,135,0,0.00,0.00,0.00
DSJR500.1,482,3462,-1,6,6,0.00,0.00,0.00
DSJR500.5,500,58862,-1,33,0,0.00,0.00,0.00
eil51.tsp,51,140,8,8,2646,67.33,67.19,0.13
fpsol2.i.1,269,11654,66,66,256,2590.60,2588.38,2.14
fpsol2.i.2,363,8691,31,31,266,1918.68,1917.03,1.59
fpsol2.i.3,363,8688,31,31,266,2849.81,2848.18,1.56
games120,106,572,-1,17,6319,0.00,0.00,0.00
grid2_2,0,0,2,-1,0,0.02,0.00,0.00
grid3_3,0,0,3,-1,0,0.02,0.00,0.00
grid4_10,36,62,4,4,732,1.77,1.73,0.02
grid4_4,12,20,4,4,208,0.19,0.17,0.00
grid4_8,28,48,4,4,548,0.86,0.83,0.02
grid4_9,32,55,4,4,640,1.14,1.11,0.02
grid5_5,21,36,5,5,1599,1.10,1.04,0.04
grid5_6,26,45,5,5,1564,2.20,2.14,0.04
grid5_7,31,54,5,5,1900,5.09,5.02,0.06
grid5_8,36,63,5,5,2236,8.19,8.09,0.07
grid5_9,41,72,5,5,2572,11.17,11.06,0.09
grid6_6,32,56,6,6,8528,23.51,23.28,0.21
grid6_7,38,67,6,6,7572,31.40,31.17,0.21
grid7_7,45,80,7,7,39971,242.36,241.26,1.06
hailfinder,12,22,4,4,43,0.21,0.19,0.00
hepar2,0,0,6,-1,0,0.02,0.00,0.00
homer,130,831,-1,19,15229,0.00,0.00,0.00
huck,0,0,10,-1,0,0.04,0.00,0.00
inithx.i.1,519,18707,-1,33,239,0.00,0.00,0.00
inithx.i.2,558,13979,31,31,341,3091.20,3088.00,3.09
inithx.i.3,559,13969,31,31,347,2954.32,2950.97,3.22
jean,19,83,9,9,24,0.32,0.30,0.00
latin_square_10,900,307350,-1,12,0,0.00,0.00,0.00
le450_15a,448,8166,-1,14,54,0.00,0.00,0.00
le450_15b,448,8167,-1,14,37,0.00,0.00,0.00
le450_15c,450,16680,-1,21,1,0.00,0.00,0.00
le450_15d,450,16750,-1,19,1,0.00,0.00,0.00
le450_25a,445,8250,-1,9,73,0.00,0.00,0.00
le450_25b,448,8261,-1,10,66,0.00,0.00,0.00
le450_25c,450,17343,-1,18,6,0.00,0.00,0.00
le450_25d,450,17425,-1,19,7,0.00,0.00,0.00
le450_5a,450,5714,-1,13,0,0.00,0.00,0.00
le450_5b,450,5734,-1,14,2,0.00,0.00,0.00
le450_5c,450,9803,-1,17,0,0.00,0.00,0.00
le450_5d,450,9757,-1,17,0,0.00,0.00,0.00
mainuk,17,64,7,7,65,0.29,0.27,0.00
mildew,14,29,4,4,69,0.17,0.15,0.00
miles1000,124,3104,-1,37,562,0.00,0.00,0.00
miles1500,128,5198,77,77,335,1319.75,1318.58,1.12
miles250,27,127,9,9,127,1.21,1.18,0.01
miles500,108,1067,-1,21,7949,0.00,0.00,0.00
miles750,119,1993,-1,29,2063,0.00,0.00,0.00
mug100_1,0,0,3,-1,0,0.05,0.00,0.00
mug100_25,0,0,3,-1,0,0.05,0.00,0.00
mug88_1,0,0,3,-1,0,0.03,0.00,0.00
mug88_25,0,0,3,-1,0,0.04,0.00,0.00
mulsol.i.1,138,3925,50,50,259,235.40,234.44,0.92
mulsol.i.2,173,3885,32,32,370,181.88,181.49,0.36
mulsol.i.3,174,3916,32,32,371,227.53,227.13,0.36
mulsol.i.4,175,3946,32,32,371,216.86,216.49,0.34
mulsol.i.5,176,3973,31,31,267,187.76,187.43,0.29
mulsol.i.5-pp,119,2556,31,31,95,20.91,20.75,0.13
myciel2,0,0,2,-1,0,0.01,0.00,0.00
myciel3,11,20,5,5,32,0.22,0.20,0.00
myciel4,23,71,10,10,182,0.89,0.86,0.01
myciel5,47,236,19,19,1011,44.41,44.19,0.20
myciel6,95,755,35,35,14914,5682.68,5676.05,6.60
myciel7,191,2360,-1,35,156,0.00,0.00,0.00
oesoca42,0,0,3,-1,0,0.02,0.00,0.00
oesoca,0,0,3,-1,0,0.01,0.00,0.00
oesoca+,25,123,11,11,682,1.29,1.24,0.03
oesoca+-pp,14,75,11,11,18,0.32,0.31,0.00
pace16tw_4x12_torusGrid,48,96,8,8,96000,409.56,407.27,2.24
pace16tw_6s10.gaifman,err
pace16tw_6s11-opt.gaifman,err
pace16tw_6s12.gaifman,err
pace16tw_8x6_torusGrid,48,96,-1,12,175632,0.00,0.00,0.00
pace16tw_aes_32_3_keyfind_1.gaifman,632,2128,-1,5,340,0.00,0.00,0.00
pace16tw_aes_64_1_keyfind_1.gaifman,464,1824,-1,7,712,0.00,0.00,0.00
pace16tw_AhrensSzekeresGeneralizedQuadrangleGraph_3,27,135,17,17,297,3.83,3.79,0.01
pace16tw_AProVE07-01.gaifman,err
pace16tw_AProVE07-03.gaifman,3019,17327,-1,1,0,0.00,0.00,0.00
pace16tw_BalancedTree_3_5,0,0,1,-1,0,0.02,0.00,0.00
pace16tw_BiggsSmithGraph,102,153,-1,9,43656,0.00,0.00,0.00
pace16tw_BlanusaSecondSnarkGraph,18,27,4,4,140,0.38,0.37,0.00
pace16tw_BrinkmannGraph,21,42,8,8,497,3.07,3.04,0.01
pace16tw_BrouwerHaemersGraph,81,810,-1,34,81,0.00,0.00,0.00
pace16tw_BubbleSortGraph_5,120,240,-1,10,14640,0.00,0.00,0.00
pace16tw_CameronGraph,231,3465,-1,28,0,0.00,0.00,0.00
pace16tw_Cell120,600,1200,-1,4,0,0.00,0.00,0.00
pace16tw_ChvatalGraph,12,24,6,6,88,0.23,0.21,0.00
pace16tw_ClebschGraph,16,40,8,8,96,0.33,0.31,0.00
pace16tw_contiki_calc_input_to_operand1,0,0,2,-1,0,0.01,0.00,0.00
pace16tw_contiki_collect_enqueue_dummy_packet,0,0,2,-1,0,0.02,0.00,0.00
pace16tw_contiki_collect_received_announcement,0,0,2,-1,0,0.01,0.00,0.00
pace16tw_contiki_collect_send_ack,0,0,1,-1,0,0.02,0.00,0.00
pace16tw_contiki_collect_send_next_packet,0,0,1,-1,0,0.02,0.00,0.00
pace16tw_contiki_collect_send_queued_packet,0,0,2,-1,0,0.02,0.00,0.00
pace16tw_contiki_contikimac_input_packet,0,0,3,-1,0,0.02,0.00,0.00
pace16tw_contiki_contikimac_powercycle,34,53,5,5,2292,10.40,10.30,0.09
pace16tw_contiki_ctk_ctk_menu_add,0,0,2,-1,0,0.02,0.00,0.00
pace16tw_contiki_cxmac_input_packet,0,0,3,-1,0,0.02,0.00,0.00
pace16tw_contiki_dhcpc_dhcpc_init,0,0,2,-1,0,0.02,0.00,0.00
pace16tw_contiki_dhcpc_dhcpc_request,0,0,2,-1,0,0.01,0.00,0.00
pace16tw_contiki_dhcpc_handle_dhcp,52,83,6,6,6203,72.16,71.85,0.27
pace16tw_contiki_httpd-cfs_send_file,7,11,3,3,8,0.15,0.14,0.00
pace16tw_contiki_httpd-cfs_send_headers,0,0,3,-1,0,0.02,0.00,0.00
pace16tw_contiki_ifft_ifft,0,0,2,-1,0,0.02,0.00,0.00
pace16tw_contiki_ircc_handle_connection,32,54,4,4,164,0.97,0.94,0.01
pace16tw_contiki_ircc_list_channel,0,0,3,-1,0,0.02,0.00,0.00
pace16tw_contiki_lpp_dutycycle,16,26,5,5,216,0.28,0.26,0.01
pace16tw_contiki_lpp_init,0,0,1,-1,0,0.02,0.00,0.00
pace16tw_contiki_lpp_send_packet,0,0,2,-1,0,0.02,0.00,0.00
pace16tw_contiki_lpp_send_probe,0,0,2,-1,0,0.02,0.00,0.00
pace16tw_contiki_nullrdc_packet_input,0,0,3,-1,0,0.02,0.00,0.00
pace16tw_contiki_polite-announcement_send_timer,0,0,2,-1,0,0.01,0.00,0.00
pace16tw_contiki_powertrace_add_stats,0,0,2,-1,0,0.01,0.00,0.00
pace16tw_contiki_powertrace_powertrace_print,0,0,2,-1,0,0.02,0.00,0.00
pace16tw_contiki_process_exit_process,0,0,3,-1,0,0.01,0.00,0.00
pace16tw_contiki_profile_profile_episode_start,0,0,2,-1,0,0.02,0.00,0.00
pace16tw_contiki_psock_psock_generator_send,12,18,4,4,126,0.20,0.18,0.00
pace16tw_contiki_psock_psock_readto,10,15,3,3,20,0.15,0.13,0.00
pace16tw_contiki_ringbuf_ringbuf_put,0,0,2,-1,0,0.02,0.00,0.00
pace16tw_contiki_route-discovery_route_discovery_discover,0,0,2,-1,0,0.02,0.00,0.00
pace16tw_contiki_rudolph1_rudolph1_open,0,0,1,-1,0,0.01,0.00,0.00
pace16tw_contiki_rudolph1_write_data,0,0,2,-1,0,0.01,0.00,0.00
pace16tw_contiki_serial-line_process_thread_serial_line_process,14,22,4,4,235,0.22,0.20,0.00
pace16tw_contiki_shell-base64_base64_add_char,0,0,2,-1,0,0.03,0.00,0.00
pace16tw_contiki_shell-collect-view_process_thread_collect_view_data_process,0,0,2,-1,0,0.01,0.00,0.00
pace16tw_contiki_shell-netperf_memcpy_misaligned,0,0,2,-1,0,0.02,0.00,0.00
pace16tw_contiki_shell_process_thread_shell_server_process,0,0,3,-1,0,0.02,0.00,0.00
pace16tw_contiki_shell-ps_process_thread_shell_ps_process,0,0,2,-1,0,0.01,0.00,0.00
pace16tw_contiki_shell-rime-debug_recv_broadcast,0,0,1,-1,0,0.01,0.00,0.00
pace16tw_contiki_shell-rime-ping_recv_mesh,0,0,2,-1,0,0.02,0.00,0.00
pace16tw_contiki_shell-rime_process_thread_shell_send_process,0,0,3,-1,0,0.02,0.00,0.00
pace16tw_contiki_shell-rime_recv_collect,0,0,2,-1,0,0.01,0.00,0.00
pace16tw_contiki_shell-sendtest_read_chunk,0,0,2,-1,0,0.01,0.00,0.00
pace16tw_contiki_shell_shell_register_command,0,0,2,-1,0,0.04,0.00,0.00
pace16tw_contiki_shell-text_process_thread_shell_echo_process,0,0,2,-1,0,0.02,0.00,0.00
pace16tw_contiki_tcpip_eventhandler,0,0,2,-1,0,0.02,0.00,0.00
pace16tw_contiki_uip-neighbor_uip_neighbor_add,0,0,3,-1,0,0.03,0.00,0.00
pace16tw_contiki_uip-neighbor_uip_neighbor_periodic,0,0,2,-1,0,0.01,0.00,0.00
pace16tw_contiki_uip-over-mesh_recv_data,0,0,2,-1,0,0.02,0.00,0.00
pace16tw_contiki_uip_uip_connect,0,0,3,-1,0,0.02,0.00,0.00
pace16tw_contiki_uip_uip_init,0,0,2,-1,0,0.03,0.00,0.00
pace16tw_contiki_uip_uip_unlisten,0,0,2,-1,0,0.03,0.00,0.00
pace16tw_contiki_webclient_senddata,0,0,2,-1,0,0.02,0.00,0.00
pace16tw_contiki_webclient_webclient_appcall,0,0,3,-1,0,0.03,0.00,0.00
pace16tw_CycleGraph_100,0,0,2,-1,0,0.02,0.00,0.00
pace16tw_DejterGraph,112,336,-1,14,4816,0.00,0.00,0.00
pace16tw_DesarguesGraph,20,30,6,6,2380,2.88,2.79,0.07
pace16tw_DodecahedralGraph,20,30,6,6,6840,4.09,3.92,0.15
pace16tw_DorogovtsevGoltsevMendesGraph,0,0,2,-1,0,0.17,0.00,0.00
pace16tw_DoubleStarSnark,30,45,6,6,2310,17.67,17.58,0.07
pace16tw_DyckGraph,32,48,7,7,7844,137.62,137.37,0.23
pace16tw_ErreraGraph,17,45,6,6,117,0.37,0.35,0.00
pace16tw_FibonacciTree_10,0,0,1,-1,0,0.02,0.00,0.00
pace16tw_FlowerSnark,20,30,6,6,2140,2.75,2.64,0.06
pace16tw_FoldedCubeGraph_7,64,224,-1,19,4544,0.00,0.00,0.00
pace16tw_FolkmanGraph,20,40,6,6,170,0.78,0.75,0.01
pace16tw_FosterGraph,90,135,-1,9,38520,0.00,0.00,0.00
pace16tw_FriendshipGraph_10,0,0,2,-1,0,0.01,0.00,0.00
pace16tw_fuzix_abort_abort,0,0,1,-1,0,0.02,0.00,0.00
pace16tw_fuzix_bankfixe_pagemap_alloc,0,0,2,-1,0,0.02,0.00,0.00
pace16tw_fuzix_clock_gettime_clock_gettime,0,0,2,-1,0,0.02,0.00,0.00
pace16tw_fuzix_clock_gettime_div10quickm,0,0,1,-1,0,0.02,0.00,0.00
pace16tw_fuzix_clock_settime_clock_settime,0,0,2,-1,0,0.02,0.00,0.00
pace16tw_fuzix_devf_fd_transfer,0,0,3,-1,0,0.02,0.00,0.00
pace16tw_fuzix_devio_bfind,0,0,3,-1,0,0.02,0.00,0.00
pace16tw_fuzix_devio_kprintf,0,0,3,-1,0,0.02,0.00,0.00
pace16tw_fuzix_difftime_difftime,0,0,1,-1,0,0.02,0.00,0.00
pace16tw_fuzix_fgets_fgets,0,0,3,-1,0,0.01,0.00,0.00
pace16tw_fuzix_filesys_filename,0,0,3,-1,0,0.02,0.00,0.00
pace16tw_fuzix_filesys_getinode,0,0,3,-1,0,0.02,0.00,0.00
pace16tw_fuzix_filesys_i_open,0,0,3,-1,0,0.02,0.00,0.00
pace16tw_fuzix_filesys_newfstab,0,0,2,-1,0,0.01,0.00,0.00
pace16tw_fuzix_filesys_srch_mt,0,0,3,-1,0,0.01,0.00,0.00
pace16tw_fuzix_gethostname_gethostname,0,0,2,-1,0,0.01,0.00,0.00
pace16tw_fuzix_getpass__gets,0,0,3,-1,0,0.02,0.00,0.00
pace16tw_fuzix_inode_rwsetup,0,0,2,-1,0,0.02,0.00,0.00
pace16tw_fuzix_malloc___insert_chunk,0,0,3,-1,0,0.02,0.00,0.00
pace16tw_fuzix_nanosleep_clock_nanosleep,0,0,3,-1,0,0.02,0.00,0.00
pace16tw_fuzix_process_getproc,0,0,2,-1,0,0.02,0.00,0.00
pace16tw_fuzix_qsort__lqsort,0,0,3,-1,0,0.02,0.00,0.00
pace16tw_fuzix_ran_rand,0,0,2,-1,0,0.01,0.00,0.00
pace16tw_fuzix_readdir_readdir,0,0,3,-1,0,0.01,0.00,0.00
pace16tw_fuzix_regexp_regcomp,0,0,2,-1,0,0.02,0.00,0.00
pace16tw_fuzix_setbuffer_setbuffer,0,0,2,-1,0,0.02,0.00,0.00
pace16tw_fuzix_setenv_setenv,0,0,3,-1,0,0.01,0.00,0.00
pace16tw_fuzix_se_ycomp,0,0,3,-1,0,0.04,0.00,0.00
pace16tw_fuzix_stat_statfix,0,0,1,-1,0,0.02,0.00,0.00
pace16tw_fuzix_syscall_fs2_chown_op,0,0,2,-1,0,0.02,0.00,0.00
pace16tw_fuzix_syscall_fs2__fchdir,0,0,2,-1,0,0.03,0.00,0.00
pace16tw_fuzix_syscall_proc__time,0,0,2,-1,0,0.02,0.00,0.00
pace16tw_fuzix_sysconf_sysconf,0,0,3,-1,0,0.02,0.00,0.00
pace16tw_fuzix_tty_tty_read,15,24,4,4,122,0.25,0.23,0.00
pace16tw_fuzix_usermem_ugets,0,0,2,-1,0,0.03,0.00,0.00
pace16tw_fuzix_vfscanf_vfscanf,64,108,6,6,10416,126.56,125.98,0.52
pace16tw_GeneralizedPetersenGraph_10_4,20,30,6,6,3310,2.61,2.51,0.09
pace16tw_GNP_20_10_0,11,19,4,4,49,0.17,0.15,0.00
pace16tw_GNP_20_10_1,0,0,3,-1,0,0.02,0.00,0.00
pace16tw_GNP_20_20_0,17,42,6,6,136,0.33,0.31,0.00
pace16tw_GNP_20_20_1,17,45,7,7,75,0.34,0.32,0.00
pace16tw_GNP_20_30_0,19,55,8,8,233,0.59,0.57,0.01
pace16tw_GNP_20_30_1,15,53,8,8,38,0.32,0.29,0.00
pace16tw_GNP_20_40_0,20,78,10,10,153,0.63,0.61,0.01
pace16tw_GNP_20_40_1,20,71,8,8,40,0.35,0.33,0.00
pace16tw_GNP_20_50_0,20,91,10,10,37,0.61,0.59,0.00
pace16tw_GNP_20_50_1,20,106,12,12,73,0.54,0.51,0.00
pace16tw_GoethalsSeidelGraph_2_3,16,72,11,11,24,0.36,0.35,0.00
pace16tw_GoldnerHararyGraph,0,0,3,-1,0,0.02,0.00,0.00
pace16tw_GossetGraph,56,756,43,43,126560,6362.06,6357.98,3.98
pace16tw_GrayGraph,54,81,9,9,152496,3625.21,3619.53,5.63
pace16tw_GrotzschGraph,11,20,5,5,32,0.19,0.18,0.00
pace16tw_HallJankoGraph,100,1800,-1,44,100,0.00,0.00,0.00
pace16tw_HanoiTowerGraph_4_3,60,156,-1,13,123528,0.00,0.00,0.00
pace16tw_HararyGraph_6_15,0,0,6,-1,0,0.02,0.00,0.00
pace16tw_HarborthGraph,52,104,5,5,1560,31.92,31.84,0.07
pace16tw_HarriesGraph,70,105,-1,10,100030,0.00,0.00,0.00
pace16tw_HeawoodGraph,14,21,5,5,182,0.24,0.22,0.01
pace16tw_HigmanSimsGraph,100,1100,-1,33,100,0.00,0.00,0.00
pace16tw_HoffmanGraph,16,32,6,6,128,0.37,0.35,0.00
pace16tw_HoffmanSingletonGraph,50,175,-1,20,3550,0.00,0.00,0.00
pace16tw_HyperStarGraph_10_2,0,0,8,-1,0,0.02,0.00,0.00
pace16tw_IcosahedralGraph,12,30,6,6,132,0.22,0.21,0.00
pace16tw_JohnsonGraph_10_4,210,2520,-1,24,0,0.00,0.00,0.00
pace16tw_KittellGraph,23,63,7,7,440,1.53,1.51,0.01
pace16tw_KneserGraph_10_2,45,630,35,35,55,11.66,11.63,0.01
pace16tw_KneserGraph_8_3,56,280,-1,24,5656,0.00,0.00,0.00
pace16tw_LadderGraph_20,0,0,2,-1,0,0.01,0.00,0.00
pace16tw_LjubljanaGraph,112,168,-1,9,47936,0.00,0.00,0.00
pace16tw_MarkstroemGraph,24,36,4,4,1227,1.40,1.33,0.04
pace16tw_McGeeGraph,24,36,7,7,4802,37.43,37.27,0.15
pace16tw_MeredithGraph,70,140,7,7,42040,1207.68,1205.71,1.94
pace16tw_NauruGraph,24,36,6,6,1416,7.32,7.25,0.04
pace16tw_NonisotropicOrthogonalPolarGraph_3_5,15,60,10,10,75,0.43,0.41,0.00
pace16tw_NonisotropicUnitaryPolarGraph_3_3,63,1008,53,53,41223,6260.75,6258.98,1.73
pace16tw_OddGraph_4,35,70,12,12,20440,1510.25,1509.53,0.70
pace16tw_OrthogonalArrayBlockGraph_4_3,0,0,8,-1,0,0.01,0.00,0.00
pace16tw_PaleyGraph_17,17,68,11,11,221,0.54,0.52,0.01
pace16tw_PappusGraph,18,27,6,6,1404,1.22,1.17,0.04
pace16tw_PoussinGraph,15,39,6,6,111,0.24,0.23,0.00
pace16tw_random4reg,48,96,12,12,145068,5078.53,5073.71,4.77
pace16tw_RandomBarabasiAlbert_100_2,46,130,12,12,9899,205.33,204.75,0.56
pace16tw_RandomBarabasiAlbert_100_5,100,475,-1,20,5768,0.00,0.00,0.00
pace16tw_RandomBipartite_10_50_3,35,108,9,9,46,1.55,1.52,0.01
pace16tw_RandomBipartite_25_50_1,36,81,9,9,2509,32.92,32.77,0.13
pace16tw_RandomBipartite_25_50_3,75,368,23,23,11570,5304.34,5302.87,1.44
pace16tw_RandomBoundedToleranceGraph_60,58,1155,30,30,52,5.90,5.87,0.01
pace16tw_RandomBoundedToleranceGraph_80,70,1527,32,32,61,11.95,11.90,0.01
pace16tw_RandomGNM_100_100,27,46,6,6,896,4.41,4.36,0.03
pace16tw_RandomGNM_250_1000,247,997,-1,11,380,0.00,0.00,0.00
pace16tw_RandomGNM_500_500,105,186,-1,10,33108,0.00,0.00,0.00
pace16tw_RandomHolmeKim_300_2_2,135,391,-1,13,11682,0.00,0.00,0.00
pace16tw_RandomHolmeKim_700_2_2,304,899,-1,8,959,0.00,0.00,0.00
pace16tw_RandomNewmanWattsStrogatz_100_5_3,100,269,-1,12,20152,0.00,0.00,0.00
pace16tw_RandomNewmanWattsStrogatz_250_10_3,250,1636,-1,12,41,0.00,0.00,0.00
pace16tw_RandomTriangulation_800,789,2361,-1,4,0,0.00,0.00,0.00
pace16tw_RingedTree_10,1022,2041,-1,3,0,0.00,0.00,0.00
pace16tw_RingedTree_6,62,121,-1,9,120924,0.00,0.00,0.00
pace16tw_RingedTree_8,254,505,-1,7,27620,0.00,0.00,0.00
pace16tw_RKT_100_80_30_0,97,504,-1,25,8794,0.00,0.00,0.00
pace16tw_RKT_100_90_30_0,71,225,-1,18,23477,0.00,0.00,0.00
pace16tw_RKT_20_40_10_0,18,82,9,9,16,0.33,0.30,0.00
pace16tw_RKT_20_40_10_1,20,87,10,10,40,0.38,0.36,0.00
pace16tw_RKT_20_50_10_0,16,66,9,9,36,0.31,0.30,0.00
pace16tw_RKT_20_50_10_1,18,68,8,8,30,0.28,0.27,0.00
pace16tw_RKT_20_60_10_0,17,53,7,7,72,0.32,0.29,0.00
pace16tw_RKT_20_60_10_1,18,55,8,8,95,0.35,0.33,0.00
pace16tw_RKT_20_70_10_0,14,35,6,6,100,0.26,0.24,0.00
pace16tw_RKT_20_70_10_1,18,41,6,6,122,0.32,0.30,0.00
pace16tw_RKT_20_80_10_0,12,20,4,4,82,0.19,0.17,0.00
pace16tw_RKT_20_80_10_1,12,23,5,5,67,0.21,0.20,0.00
pace16tw_RKT_300_75_30_0,296,2128,-1,20,539,0.00,0.00,0.00
pace16tw_RKT_300_90_30_0,195,743,-1,19,877,0.00,0.00,0.00
pace16tw_RKT_500_80_30_0,477,2875,-1,12,580,0.00,0.00,0.00
pace16tw_SchlaefliGraph,27,216,21,21,2619,2.21,2.14,0.06
pace16tw_ShrikhandeGraph,16,48,9,9,312,0.50,0.47,0.01
pace16tw_SierpinskiGasketGraph_3,0,0,3,-1,0,0.03,0.00,0.00
pace16tw_SimsGewirtzGraph,56,280,-1,24,616,0.00,0.00,0.00
pace16tw_SquaredSkewHadamardMatrixGraph_2,49,588,40,40,17248,1020.38,1019.81,0.55
pace16tw_SquaredSkewHadamardMatrixGraph_3,121,3630,-1,62,121,0.00,0.00,0.00
pace16tw_StarGraph_100,0,0,1,-1,0,0.01,0.00,0.00
pace16tw_stdlib_gmtime,0,0,2,-1,0,0.01,0.00,0.00
pace16tw_stdlib_mktime,0,0,3,-1,0,0.01,0.00,0.00
pace16tw_stdlib_print_format,22,39,4,4,163,0.39,0.35,0.01
pace16tw_stdlib_sincoshf,0,0,2,-1,0,0.01,0.00,0.00
pace16tw_SylvesterGraph,36,90,15,15,23616,3250.32,3249.49,0.80
pace16tw_SymplecticDualPolarGraph_4_4,85,850,-1,35,85,0.00,0.00,0.00
pace16tw_SymplecticPolarGraph_4_4,85,850,-1,34,85,0.00,0.00,0.00
pace16tw_SzekeresSnarkGraph,50,75,7,7,90155,1000.72,997.79,2.89
pace16tw_TaylorTwographDescendantSRG_3,27,135,17,17,297,3.87,3.85,0.01
pace16tw_TaylorTwographSRG_3,28,210,22,22,400,2.50,2.46,0.02
pace16tw_Toroidal6RegularGrid2dGraph_4_6,24,72,9,9,540,6.13,6.09,0.01
pace16tw_Tutte12Cage,126,189,-1,8,16506,0.00,0.00,0.00
pace16tw_WheelGraph_100,0,0,3,-1,0,0.06,0.00,0.00
pace16tw_WorldMap,46,107,5,5,975,9.69,9.59,0.05
pace17mf_100,106,273,-1,10,20700,0.00,0.00,0.00
pace17mf_10,112,5307,87,87,1097,157.13,156.79,0.25
pace17mf_11,39,251,19,19,1267,95.07,94.96,0.09
pace17mf_12,0,0,3,-1,0,0.01,0.00,0.00
pace17mf_13,32,56,5,5,1725,7.76,7.69,0.05
pace17mf_14,0,0,17,-1,0,0.02,0.00,0.00
pace17mf_15,err
pace17mf_16,149,8906,109,109,3517,900.52,899.48,0.92
pace17mf_17,362,1182,-1,7,778,0.00,0.00,0.00
pace17mf_18,38,109,9,9,4407,37.11,36.81,0.27
pace17mf_19,121,391,-1,13,23856,0.00,0.00,0.00
pace17mf_1,2205,5964,-1,2,0,0.00,0.00,0.00
pace17mf_20,0,0,2,-1,0,0.01,0.00,0.00
pace17mf_21,400,1330,-1,7,833,0.00,0.00,0.00
pace17mf_22,194,15761,-1,151,8776,0.00,0.00,0.00
pace17mf_23,123,567,-1,14,7736,0.00,0.00,0.00
pace17mf_24,30,97,10,10,1294,6.51,6.38,0.10
pace17mf_25,407,725,-1,4,584,0.00,0.00,0.00
pace17mf_26,96,3789,70,70,1446,62.31,62.04,0.21
pace17mf_27,0,0,17,-1,0,0.03,0.00,0.00
pace17mf_28,0,0,33,-1,0,0.03,0.00,0.00
pace17mf_29,148,312,7,7,32189,2563.09,2561.48,1.57
pace17mf_2,79,2752,65,65,100,18.91,18.84,0.01
pace17mf_30,121,2004,35,35,351,5635.52,5635.35,0.13
pace17mf_31,59,159,9,9,3955,85.48,85.19,0.27
pace17mf_32,339,1479,-1,8,483,0.00,0.00,0.00
pace17mf_33,256,27133,-1,176,396,0.00,0.00,0.00
pace17mf_34,err
pace17mf_35,err
pace17mf_36,7,11,3,3,8,0.13,0.11,0.00
pace17mf_37,176,443,-1,9,1629,0.00,0.00,0.00
pace17mf_38,173,375,-1,8,11749,0.00,0.00,0.00
pace17mf_39,0,0,175,-1,0,0.08,0.00,0.00
pace17mf_3,51,492,20,20,226,57.00,56.96,0.02
pace17mf_40,112,5332,87,87,2585,212.58,212.01,0.49
pace17mf_41,err
pace17mf_42,38,683,34,34,17,2.43,2.40,0.00
pace17mf_43,0,0,7,-1,0,0.02,0.00,0.00
pace17mf_44,87,3228,66,66,289,31.46,31.36,0.04
pace17mf_45,0,0,3,-1,0,0.02,0.00,0.00
pace17mf_46,201,520,-1,8,503,0.00,0.00,0.00
pace17mf_47,190,1774,-1,17,429,0.00,0.00,0.00
pace17mf_48,0,0,96,-1,0,0.06,0.00,0.00
pace17mf_49,0,0,3,-1,0,0.31,0.00,0.00
pace17mf_4,0,0,100,-1,0,0.04,0.00,0.00
pace17mf_50,22,223,19,19,7,0.59,0.57,0.00
pace17mf_51,29,387,25,25,9,1.08,1.06,0.00
pace17mf_52,223,498,-1,8,3125,0.00,0.00,0.00
pace17mf_53,0,0,23,-1,0,0.04,0.00,0.00
pace17mf_54,0,0,23,-1,0,0.04,0.00,0.00
pace17mf_55,0,0,23,-1,0,0.04,0.00,0.00
pace17mf_56,0,0,180,-1,0,0.14,0.00,0.00
pace17mf_57,476,877,-1,4,655,0.00,0.00,0.00
pace17mf_58,0,0,35,-1,0,0.03,0.00,0.00
pace17mf_59,116,1283,-1,26,1999,0.00,0.00,0.00
pace17mf_5,0,0,3,-1,0,0.02,0.00,0.00
pace17mf_60,0,0,17,-1,0,0.04,0.00,0.00
pace17mf_61,0,0,23,-1,0,0.04,0.00,0.00
pace17mf_62,67,1927,53,53,127,10.21,10.16,0.01
pace17mf_63,0,0,96,-1,0,3.34,0.00,0.00
pace17mf_64,0,0,96,-1,0,0.06,0.00,0.00
pace17mf_65,276,749,-1,8,552,0.00,0.00,0.00
pace17mf_66,0,0,17,-1,0,0.06,0.00,0.00
pace17mf_67,48,88,7,7,6633,114.14,113.84,0.28
pace17mf_68,err
pace17mf_69,154,9942,118,118,1312,749.65,749.02,0.48
pace17mf_6,0,0,23,-1,0,0.03,0.00,0.00
pace17mf_70,44,77,7,7,10221,156.82,156.44,0.35
pace17mf_71,0,0,81,-1,0,0.10,0.00,0.00
pace17mf_72,285,5229,-1,19,0,0.00,0.00,0.00
pace17mf_73,0,0,17,-1,0,0.04,0.00,0.00
pace17mf_74,0,0,16,-1,0,0.02,0.00,0.00
pace17mf_75,0,0,20,-1,0,0.02,0.00,0.00
pace17mf_76,38,625,30,30,55,2.20,2.17,0.00
pace17mf_77,132,7518,108,108,1133,259.38,258.92,0.35
pace17mf_78,151,9651,121,121,6172,1936.74,1934.83,1.78
pace17mf_79,89,3474,73,73,527,30.39,30.24,0.08
pace17mf_7,1030,2914,-1,3,0,0.00,0.00,0.00
pace17mf_80,394,699,-1,4,683,0.00,0.00,0.00
pace17mf_81,190,15073,-1,143,13153,0.00,0.00,0.00
pace17mf_82,err
pace17mf_83,155,10241,117,117,669,817.76,817.37,0.24
pace17mf_84,0,0,2,-1,0,0.01,0.00,0.00
pace17mf_85,0,0,75,-1,0,0.03,0.00,0.00
pace17mf_86,71,126,5,5,1853,105.19,105.05,0.13
pace17mf_87,0,0,65,-1,0,0.02,0.00,0.00
pace17mf_88,2775,5244,-1,1,0,0.00,0.00,0.00
pace17mf_89,106,4665,76,76,455,62.93,62.72,0.10
pace17mf_8,91,3550,68,68,557,29.45,29.32,0.07
pace17mf_90,243,462,-1,6,4408,0.00,0.00,0.00
pace17mf_91,115,245,-1,9,32090,0.00,0.00,0.00
pace17mf_92,76,158,9,9,137168,4701.10,4695.00,6.04
pace17mf_93,407,624,-1,3,14949,0.00,0.00,0.00
pace17mf_94,278,5139,-1,22,14,0.00,0.00,0.00
pace17mf_95,250,590,-1,6,1104,0.00,0.00,0.00
pace17mf_96,146,522,-1,11,3929,0.00,0.00,0.00
pace17mf_97,202,569,-1,8,4519,0.00,0.00,0.00
pace17mf_98,101,200,-1,9,45865,0.00,0.00,0.00
pace17mf_99,98,237,-1,10,22207,0.00,0.00,0.00
pace17mf_9,22,199,16,16,15,0.53,0.51,0.00
pace17tw_ex001,215,534,-1,8,9107,0.00,0.00,0.00
pace17tw_ex003,92,2113,-1,33,155,0.00,0.00,0.00
pace17tw_ex005,273,452,-1,6,12858,0.00,0.00,0.00
pace17tw_ex007,70,227,12,12,58257,3042.43,3038.99,3.39
pace17tw_ex009,252,402,-1,5,4235,0.00,0.00,0.00
pace17tw_ex011,250,590,-1,7,3280,0.00,0.00,0.00
pace17tw_ex013,56,280,-1,24,5656,0.00,0.00,0.00
pace17tw_ex015,111,446,-1,15,16668,0.00,0.00,0.00
pace17tw_ex017,133,253,-1,8,30160,0.00,0.00,0.00
pace17tw_ex019,234,654,-1,8,2114,0.00,0.00,0.00
pace17tw_ex021,162,318,-1,7,9271,0.00,0.00,0.00
pace17tw_ex023,196,398,-1,7,16859,0.00,0.00,0.00
pace17tw_ex025,92,472,-1,19,39817,0.00,0.00,0.00
pace17tw_ex027,232,647,-1,9,4878,0.00,0.00,0.00
pace17tw_ex029,101,189,-1,9,165346,0.00,0.00,0.00
pace17tw_ex031,179,320,-1,6,4127,0.00,0.00,0.00
pace17tw_ex033,268,418,-1,5,4069,0.00,0.00,0.00
pace17tw_ex035,146,522,-1,12,8368,0.00,0.00,0.00
pace17tw_ex037,230,533,-1,7,3174,0.00,0.00,0.00
pace17tw_ex039,56,280,-1,24,616,0.00,0.00,0.00
pace17tw_ex041,82,148,-1,8,52518,0.00,0.00,0.00
pace17tw_ex043,141,281,-1,8,40407,0.00,0.00,0.00
pace17tw_ex045,169,260,-1,6,31709,0.00,0.00,0.00
pace17tw_ex047,1852,21110,-1,2,0,0.00,0.00,0.00
pace17tw_ex049,74,239,13,13,94910,6748.18,6742.07,6.04
pace17tw_ex051,74,151,-1,10,141802,0.00,0.00,0.00
pace17tw_ex053,106,202,-1,8,46554,0.00,0.00,0.00
pace17tw_ex055,78,337,-1,16,55151,0.00,0.00,0.00
pace17tw_ex057,0,0,117,-1,0,0.06,0.00,0.00
pace17tw_ex059,202,569,-1,8,4519,0.00,0.00,0.00
pace17tw_ex061,154,1047,-1,19,2362,0.00,0.00,0.00
pace17tw_ex063,64,519,34,34,63357,4616.88,4611.28,5.55
pace17tw_ex065,50,175,-1,19,3550,0.00,0.00,0.00
pace17tw_ex067,115,231,-1,9,39868,0.00,0.00,0.00
pace17tw_ex069,186,357,-1,7,10662,0.00,0.00,0.00
pace17tw_ex071,125,230,-1,8,65448,0.00,0.00,0.00
pace17tw_ex073,424,673,-1,4,1792,0.00,0.00,0.00
pace17tw_ex075,98,330,8,8,1118,76.81,76.62,0.15
pace17tw_ex077,99,203,-1,9,48323,0.00,0.00,0.00
pace17tw_ex079,290,4467,-1,18,173,0.00,0.00,0.00
pace17tw_ex081,155,514,6,6,726,106.51,106.37,0.10
pace17tw_ex083,101,200,-1,9,45865,0.00,0.00,0.00
pace17tw_ex085,177,292,-1,6,11309,0.00,0.00,0.00
pace17tw_ex087,332,5179,-1,17,56,0.00,0.00,0.00
pace17tw_ex089,182,351,-1,7,13303,0.00,0.00,0.00
pace17tw_ex091,155,278,-1,8,67244,0.00,0.00,0.00
pace17tw_ex093,293,448,-1,5,8166,0.00,0.00,0.00
pace17tw_ex095,185,470,-1,9,24194,0.00,0.00,0.00
pace17tw_ex097,231,3352,-1,21,333,0.00,0.00,0.00
pace17tw_ex099,389,620,-1,5,6764,0.00,0.00,0.00
pace17tw_ex101,0,0,540,-1,0,1.35,0.00,0.00
pace17tw_ex103,107,210,-1,9,68313,0.00,0.00,0.00
pace17tw_ex105,0,0,540,-1,0,1.32,0.00,0.00
pace17tw_ex107,98,237,-1,10,22207,0.00,0.00,0.00
pace17tw_ex109,591,924,-1,3,1095,0.00,0.00,0.00
pace17tw_ex111,150,277,-1,7,29117,0.00,0.00,0.00
pace17tw_ex113,89,480,14,14,2317,420.26,419.93,0.30
pace17tw_ex115,0,0,908,-1,0,5.05,0.00,0.00
pace17tw_ex117,71,168,-1,12,75981,0.00,0.00,0.00
pace17tw_ex119,84,479,-1,19,13702,0.00,0.00,0.00
pace17tw_ex121,130,1044,-1,23,1656,0.00,0.00,0.00
pace17tw_ex123,74,554,-1,31,19646,0.00,0.00,0.00
pace17tw_ex125,320,8862,-1,25,48,0.00,0.00,0.00
pace17tw_ex127,92,246,10,10,34357,2430.38,2428.30,2.04
pace17tw_ex129,212,749,-1,9,3896,0.00,0.00,0.00
pace17tw_ex131,194,979,-1,8,7071,0.00,0.00,0.00
pace17tw_ex133,428,1068,-1,6,1566,0.00,0.00,0.00
pace17tw_ex135,0,0,87,-1,0,0.66,0.00,0.00
pace17tw_ex137,178,1040,-1,12,7989,0.00,0.00,0.00
pace17tw_ex139,149,271,-1,7,18684,0.00,0.00,0.00
pace17tw_ex141,64,504,-1,34,51130,0.00,0.00,0.00
pace17tw_ex143,86,585,-1,26,11166,0.00,0.00,0.00
pace17tw_ex147,97,598,16,16,8368,1101.54,1100.84,0.67
pace17tw_ex149,354,1263,-1,6,404,0.00,0.00,0.00
pace17tw_ex151,234,660,-1,9,4687,0.00,0.00,0.00
pace17tw_ex153,684,10648,-1,7,3,0.00,0.00,0.00
pace17tw_ex155,668,10398,-1,8,7,0.00,0.00,0.00
pace17tw_ex157,137,267,-1,8,63141,0.00,0.00,0.00
pace17tw_ex159,416,2111,-1,6,3579,0.00,0.00,0.00
pace17tw_ex161,526,1877,-1,5,159,0.00,0.00,0.00
pace17tw_ex163,117,234,-1,8,26062,0.00,0.00,0.00
pace17tw_ex165,61,193,-1,14,76761,0.00,0.00,0.00
pace17tw_ex167,341,691,-1,5,1003,0.00,0.00,0.00
pace17tw_ex169,err
pace17tw_ex171,178,573,-1,10,4834,0.00,0.00,0.00
pace17tw_ex173,286,605,-1,6,3827,0.00,0.00,0.00
pace17tw_ex175,213,965,-1,9,818,0.00,0.00,0.00
pace17tw_ex177,63,198,-1,14,72604,0.00,0.00,0.00
pace17tw_ex179,111,218,-1,8,23063,0.00,0.00,0.00
pace17tw_ex181,105,724,18,18,36262,4419.31,4417.18,2.09
pace17tw_ex183,105,216,-1,10,61351,0.00,0.00,0.00
pace17tw_ex185,67,208,-1,14,70546,0.00,0.00,0.00
pace17tw_ex187,130,269,-1,8,43468,0.00,0.00,0.00
pace17tw_ex189,161,4431,-1,40,236,0.00,0.00,0.00
pace17tw_ex191,291,1046,-1,8,1071,0.00,0.00,0.00
pace17tw_ex193,750,1777,-1,3,3,0.00,0.00,0.00
pace17tw_ex195,109,206,-1,9,144300,0.00,0.00,0.00
pace17tw_ex197,83,297,-1,13,26042,0.00,0.00,0.00
pace17tw_ex199,175,318,-1,7,29918,0.00,0.00,0.00
pathfinder,12,43,6,6,9,0.21,0.20,0.00
pathfinder-pp,12,43,6,6,9,0.23,0.21,0.00
qg.order100,err
qg.order30,900,26100,-1,12,0,0.00,0.00,0.00
qg.order40,1600,62400,-1,8,0,0.00,0.00,0.00
qg.order60,err
queen10_10,100,1470,-1,39,100,0.00,0.00,0.00
queen11_11,121,1980,-1,37,112,0.00,0.00,0.00
queen12_12,144,2596,-1,37,80,0.00,0.00,0.00
queen13_13,169,3328,-1,36,0,0.00,0.00,0.00
queen14_14,196,4186,-1,34,0,0.00,0.00,0.00
queen15_15,225,5180,-1,32,0,0.00,0.00,0.00
queen16_16,256,6320,-1,29,0,0.00,0.00,0.00
queen5_5,25,160,18,18,903,1.99,1.95,0.03
queen6_6,36,290,25,25,1598,58.54,58.46,0.07
queen7_7,49,476,35,35,28517,2574.97,2573.78,1.16
queen8_12,96,1368,-1,37,136,0.00,0.00,0.00
queen8_8,64,728,-1,40,3526,0.00,0.00,0.00
queen9_9,81,1056,-1,39,593,0.00,0.00,0.00
r125.1c,125,7501,117,117,21,90.74,90.67,0.01
r125.1,10,24,5,5,30,0.19,0.18,0.00
r125.5,125,3838,57,57,2116,6526.98,6526.13,0.81
school1,360,18980,-1,32,38,0.00,0.00,0.00
school1_nsh,330,14522,-1,26,21,0.00,0.00,0.00
ship-ship-pp,30,77,8,8,3596,21.20,21.02,0.16
wap01a,1789,92208,-1,5,0,0.00,0.00,0.00
wap02a,1724,87364,-1,4,0,0.00,0.00,0.00
wap03a,err
wap04a,err
wap05a,745,37982,-1,11,0,0.00,0.00,0.00
wap06a,726,36323,-1,11,0,0.00,0.00,0.00
wap07a,1620,97271,-1,6,0,0.00,0.00,0.00
wap08a,1613,95607,-1,6,0,0.00,0.00,0.00
water,23,98,9,9,120,0.78,0.76,0.00
will199GPIA,700,6770,-1,7,4,0.00,0.00,0.00
win95pts,20,70,8,8,146,0.57,0.54,0.01
zeroin.i.1,125,4072,50,50,187,86.84,86.45,0.34
zeroin.i.2,157,3541,32,32,128,111.31,110.95,0.32
zeroin.i.3,157,3540,32,32,128,110.92,110.56,0.32
