instance,pn,pm,tw,tw_lb,minseps,pmcs,iters,time,time_sat,time_bt
1c75,69,683,-1,26,0,6515,6541,7200.01,0.00,0.00
1dj7,70,726,-1,24,0,1826,1850,7200.01,0.00,0.00
1dp,73,756,-1,25,0,2568,2593,7200.01,0.00,0.00
1en2,69,463,16,16,0,2162,2179,3363.55,3363.30,0.09
1-FullIns_3,30,100,11,11,0,499,511,15.75,15.71,0.01
1-FullIns_4,93,593,-1,22,0,1292,1314,7200.00,0.00,0.00
1-FullIns_5,282,3247,-1,10,0,10,20,7200.23,0.00,0.00
1-Insertions_4,67,232,-1,15,0,4189,4204,7200.01,0.00,0.00
1-Insertions_5,202,1227,-1,10,0,78,88,7200.02,0.00,0.00
1-Insertions_6,err
2-FullIns_3,52,201,15,15,0,5464,5480,1260.43,1260.10,0.26
2-FullIns_4,212,1621,-1,11,0,58,69,7200.04,0.00,0.00
2-FullIns_5,err
2-Insertions_3,37,72,9,9,0,25550,25560,1491.44,1490.70,0.70
2-Insertions_4,149,541,-1,11,0,298,309,7200.01,0.00,0.00
2-Insertions_5,err
3-FullIns_3,80,346,-1,16,0,4265,4281,7200.00,0.00,0.00
3-FullIns_4,err
3-FullIns_5,err
3-Insertions_3,56,110,-1,9,0,8525,8534,7200.00,0.00,0.00
3-Insertions_4,281,1046,-1,6,0,55,61,7200.21,0.00,0.00
3-Insertions_5,err
4-FullIns_3,114,541,-1,13,0,848,861,7200.00,0.00,0.00
4-FullIns_4,err
4-FullIns_5,err
4-Insertions_3,79,156,-1,8,0,2795,2803,7200.00,0.00,0.00
4-Insertions_4,err
5-FullIns_3,154,792,-1,11,0,343,354,7200.01,0.00,0.00
5-FullIns_4,err
abb313GPIA,err
alarm,0,0,4,-1,0,0,0,0.01,0.00,0.00
anna,28,172,12,12,0,142,155,2.10,2.06,0.00
anna-pp,22,148,12,12,0,60,73,0.30,0.27,0.00
ash331GPIA,err
ash608GPIA,err
ash958GPIA,err
barley2,30,84,7,7,0,666,674,20.93,20.89,0.01
barley,30,84,7,7,0,666,674,19.07,19.03,0.01
barley-pp,26,78,7,7,0,299,307,6.46,6.43,0.01
celar02,41,174,10,10,0,715,726,203.84,203.74,0.06
celar09pp,0,0,7,-1,0,0,0,0.01,0.00,0.00
child,0,0,3,-1,0,0,0,0.01,0.00,0.00
david,36,214,13,13,0,1162,1176,62.04,61.97,0.04
david-pp,29,191,13,13,0,227,241,6.56,6.54,0.01
DSJC1000.1,err
DSJC1000.5,err
DSJC1000.9,err
DSJC125.1,125,736,-1,16,0,197,213,7200.01,0.00,0.00
DSJC125.5,125,3891,-1,51,0,0,51,7200.01,0.00,0.00
DSJC125.9,125,6961,-1,114,0,92,206,7200.01,0.00,0.00
DSJC250.1,250,3218,-1,14,0,1,15,7200.06,0.00,0.00
DSJC250.5,250,15668,-1,50,0,0,50,7200.15,0.00,0.00
DSJC250.9,250,27897,-1,148,0,0,148,7200.03,0.00,0.00
DSJC500.1,err
DSJC500.5,err
DSJC500.9,err
DSJR500.1c,err
DSJR500.1,err
DSJR500.5,err
eil51.tsp,51,140,8,8,0,2646,2655,453.06,452.93,0.07
fpsol2.i.1,269,11654,-1,25,0,6,31,7200.18,0.00,0.00
fpsol2.i.2,err
fpsol2.i.3,err
games120,106,572,-1,13,0,670,693,7200.00,0.00,0.00
grid2_2,0,0,2,-1,0,0,0,0.01,0.00,0.00
grid3_3,0,0,3,-1,0,0,0,0.03,0.00,0.00
grid4_10,36,62,4,4,0,732,737,16.35,16.26,0.01
grid4_4,12,20,4,4,0,208,213,0.14,0.12,0.00
grid4_8,28,48,4,4,0,548,553,4.89,4.86,0.01
grid4_9,32,55,4,4,0,640,645,9.30,9.27,0.01
grid5_5,21,36,5,5,0,1599,1605,5.98,5.94,0.02
grid5_6,26,45,5,5,0,1564,1570,11.68,11.64,0.02
grid5_7,31,54,5,5,0,1900,1906,27.45,27.40,0.03
grid5_8,36,63,5,5,0,2236,2242,56.64,56.57,0.04
grid5_9,41,72,5,5,0,2572,2578,106.15,106.05,0.05
grid6_6,32,56,6,6,0,8528,8535,127.14,126.95,0.16
grid6_7,38,67,6,6,0,7572,7579,287.79,287.57,0.17
grid7_7,45,80,7,7,0,39971,39979,3840.65,3839.55,1.04
hailfinder,12,22,4,4,0,43,48,0.06,0.05,0.00
hepar2,0,0,6,-1,0,0,0,0.02,0.00,0.00
homer,130,831,-1,11,0,694,705,7200.01,0.00,0.00
huck,0,0,10,-1,0,0,0,0.01,0.00,0.00
inithx.i.1,err
inithx.i.2,err
inithx.i.3,err
jean,19,83,9,9,0,24,33,0.20,0.18,0.00
latin_square_10,err
le450_15a,err
le450_15b,err
le450_15c,err
le450_15d,err
le450_25a,err
le450_25b,err
le450_25c,err
le450_25d,err
le450_5a,err
le450_5b,err
le450_5c,err
le450_5d,err
mainuk,17,64,7,7,0,65,73,0.19,0.17,0.00
mildew,14,29,4,4,0,69,74,0.14,0.10,0.00
miles1000,124,3104,-1,22,0,123,145,7200.01,0.00,0.00
miles1500,128,5198,-1,35,0,105,140,7200.01,0.00,0.00
miles250,27,127,9,9,0,127,137,3.61,3.58,0.00
miles500,108,1067,-1,10,0,206,216,7200.00,0.00,0.00
miles750,119,1993,-1,17,0,137,154,7200.00,0.00,0.00
mug100_1,0,0,3,-1,0,0,0,0.04,0.00,0.00
mug100_25,0,0,3,-1,0,0,0,0.06,0.00,0.00
mug88_1,0,0,3,-1,0,0,0,0.04,0.00,0.00
mug88_25,0,0,3,-1,0,0,0,0.04,0.00,0.00
mulsol.i.1,138,3925,-1,24,0,144,168,7200.01,0.00,0.00
mulsol.i.2,173,3885,-1,23,0,20,43,7200.07,0.00,0.00
mulsol.i.3,174,3916,-1,20,0,10,30,7200.19,0.00,0.00
mulsol.i.4,175,3946,-1,22,0,17,39,7200.02,0.00,0.00
mulsol.i.5,176,3973,-1,21,0,13,34,7200.01,0.00,0.00
mulsol.i.5-pp,119,2556,-1,30,0,54,84,7200.01,0.00,0.00
myciel2,0,0,2,-1,0,0,0,0.02,0.00,0.00
myciel3,11,20,5,5,0,32,38,0.04,0.03,0.00
myciel4,23,71,10,10,0,182,193,1.28,1.26,0.01
myciel5,47,236,19,19,0,1011,1031,181.51,181.35,0.10
myciel6,95,755,-1,27,0,326,353,7200.00,0.00,0.00
myciel7,191,2360,-1,15,0,59,74,7200.17,0.00,0.00
oesoca42,0,0,3,-1,0,0,0,0.02,0.00,0.00
oesoca,0,0,3,-1,0,0,0,0.01,0.00,0.00
oesoca+,25,123,11,11,0,682,694,6.82,6.78,0.01
oesoca+-pp,14,75,11,11,0,18,30,0.03,0.02,0.00
pace16tw_4x12_torusGrid,48,96,8,8,0,96000,96009,5615.70,5613.29,2.32
pace16tw_6s10.gaifman,err
pace16tw_6s11-opt.gaifman,err
pace16tw_6s12.gaifman,err
pace16tw_8x6_torusGrid,48,96,-1,11,0,41376,41387,7200.00,0.00,0.00
pace16tw_aes_32_3_keyfind_1.gaifman,err
pace16tw_aes_64_1_keyfind_1.gaifman,err
pace16tw_AhrensSzekeresGeneralizedQuadrangleGraph_3,27,135,17,17,0,297,315,8.03,7.98,0.01
pace16tw_AProVE07-01.gaifman,err
pace16tw_AProVE07-03.gaifman,err
pace16tw_BalancedTree_3_5,0,0,1,-1,0,0,0,0.02,0.00,0.00
pace16tw_BiggsSmithGraph,102,153,-1,6,0,1326,1332,7200.00,0.00,0.00
pace16tw_BlanusaSecondSnarkGraph,18,27,4,4,0,140,145,0.41,0.40,0.00
pace16tw_BrinkmannGraph,21,42,8,8,0,497,506,5.70,5.67,0.01
pace16tw_BrouwerHaemersGraph,81,810,-1,29,0,81,110,7200.01,0.00,0.00
pace16tw_BubbleSortGraph_5,120,240,-1,8,0,1680,1688,7200.01,0.00,0.00
pace16tw_CameronGraph,231,3465,-1,17,0,0,17,7200.25,0.00,0.00
pace16tw_Cell120,err
pace16tw_ChvatalGraph,12,24,6,6,0,88,95,0.09,0.06,0.00
pace16tw_ClebschGraph,16,40,8,8,0,96,105,0.27,0.25,0.00
pace16tw_contiki_calc_input_to_operand1,0,0,2,-1,0,0,0,0.01,0.00,0.00
pace16tw_contiki_collect_enqueue_dummy_packet,0,0,2,-1,0,0,0,0.03,0.00,0.00
pace16tw_contiki_collect_received_announcement,0,0,2,-1,0,0,0,0.02,0.00,0.00
pace16tw_contiki_collect_send_ack,0,0,1,-1,0,0,0,0.04,0.00,0.00
pace16tw_contiki_collect_send_next_packet,0,0,1,-1,0,0,0,0.01,0.00,0.00
pace16tw_contiki_collect_send_queued_packet,0,0,2,-1,0,0,0,0.02,0.00,0.00
pace16tw_contiki_contikimac_input_packet,0,0,3,-1,0,0,0,0.02,0.00,0.00
pace16tw_contiki_contikimac_powercycle,34,53,5,5,0,2292,2298,54.29,54.21,0.05
pace16tw_contiki_ctk_ctk_menu_add,0,0,2,-1,0,0,0,0.03,0.00,0.00
pace16tw_contiki_cxmac_input_packet,0,0,3,-1,0,0,0,0.03,0.00,0.00
pace16tw_contiki_dhcpc_dhcpc_init,0,0,2,-1,0,0,0,0.02,0.00,0.00
pace16tw_contiki_dhcpc_dhcpc_request,0,0,2,-1,0,0,0,0.01,0.00,0.00
pace16tw_contiki_dhcpc_handle_dhcp,52,83,6,6,0,6203,6210,986.03,985.75,0.20
pace16tw_contiki_httpd-cfs_send_file,7,11,3,3,0,8,12,0.02,0.00,0.00
pace16tw_contiki_httpd-cfs_send_headers,0,0,3,-1,0,0,0,0.04,0.00,0.00
pace16tw_contiki_ifft_ifft,0,0,2,-1,0,0,0,0.02,0.00,0.00
pace16tw_contiki_ircc_handle_connection,32,54,4,4,0,164,169,3.35,3.31,0.00
pace16tw_contiki_ircc_list_channel,0,0,3,-1,0,0,0,0.02,0.00,0.00
pace16tw_contiki_lpp_dutycycle,16,26,5,5,0,216,222,0.43,0.41,0.00
pace16tw_contiki_lpp_init,0,0,1,-1,0,0,0,0.02,0.00,0.00
pace16tw_contiki_lpp_send_packet,0,0,2,-1,0,0,0,0.02,0.00,0.00
pace16tw_contiki_lpp_send_probe,0,0,2,-1,0,0,0,0.02,0.00,0.00
pace16tw_contiki_nullrdc_packet_input,0,0,3,-1,0,0,0,0.01,0.00,0.00
pace16tw_contiki_polite-announcement_send_timer,0,0,2,-1,0,0,0,0.03,0.00,0.00
pace16tw_contiki_powertrace_add_stats,0,0,2,-1,0,0,0,0.02,0.00,0.00
pace16tw_contiki_powertrace_powertrace_print,0,0,2,-1,0,0,0,0.02,0.00,0.00
pace16tw_contiki_process_exit_process,0,0,3,-1,0,0,0,0.02,0.00,0.00
pace16tw_contiki_profile_profile_episode_start,0,0,2,-1,0,0,0,0.01,0.00,0.00
pace16tw_contiki_psock_psock_generator_send,12,18,4,4,0,126,131,0.11,0.10,0.00
pace16tw_contiki_psock_psock_readto,10,15,3,3,0,20,24,0.05,0.01,0.00
pace16tw_contiki_ringbuf_ringbuf_put,0,0,2,-1,0,0,0,0.01,0.00,0.00
pace16tw_contiki_route-discovery_route_discovery_discover,0,0,2,-1,0,0,0,0.02,0.00,0.00
pace16tw_contiki_rudolph1_rudolph1_open,0,0,1,-1,0,0,0,0.02,0.00,0.00
pace16tw_contiki_rudolph1_write_data,0,0,2,-1,0,0,0,0.02,0.00,0.00
pace16tw_contiki_serial-line_process_thread_serial_line_process,14,22,4,4,0,235,240,0.23,0.21,0.00
pace16tw_contiki_shell-base64_base64_add_char,0,0,2,-1,0,0,0,0.03,0.00,0.00
pace16tw_contiki_shell-collect-view_process_thread_collect_view_data_process,0,0,2,-1,0,0,0,0.02,0.00,0.00
pace16tw_contiki_shell-netperf_memcpy_misaligned,0,0,2,-1,0,0,0,0.02,0.00,0.00
pace16tw_contiki_shell_process_thread_shell_server_process,0,0,3,-1,0,0,0,0.02,0.00,0.00
pace16tw_contiki_shell-ps_process_thread_shell_ps_process,0,0,2,-1,0,0,0,0.02,0.00,0.00
pace16tw_contiki_shell-rime-debug_recv_broadcast,0,0,1,-1,0,0,0,0.01,0.00,0.00
pace16tw_contiki_shell-rime-ping_recv_mesh,0,0,2,-1,0,0,0,0.02,0.00,0.00
pace16tw_contiki_shell-rime_process_thread_shell_send_process,0,0,3,-1,0,0,0,0.02,0.00,0.00
pace16tw_contiki_shell-rime_recv_collect,0,0,2,-1,0,0,0,0.01,0.00,0.00
pace16tw_contiki_shell-sendtest_read_chunk,0,0,2,-1,0,0,0,0.01,0.00,0.00
pace16tw_contiki_shell_shell_register_command,0,0,2,-1,0,0,0,0.02,0.00,0.00
pace16tw_contiki_shell-text_process_thread_shell_echo_process,0,0,2,-1,0,0,0,0.01,0.00,0.00
pace16tw_contiki_tcpip_eventhandler,0,0,2,-1,0,0,0,0.02,0.00,0.00
pace16tw_contiki_uip-neighbor_uip_neighbor_add,0,0,3,-1,0,0,0,0.01,0.00,0.00
pace16tw_contiki_uip-neighbor_uip_neighbor_periodic,0,0,2,-1,0,0,0,0.01,0.00,0.00
pace16tw_contiki_uip-over-mesh_recv_data,0,0,2,-1,0,0,0,0.02,0.00,0.00
pace16tw_contiki_uip_uip_connect,0,0,3,-1,0,0,0,0.03,0.00,0.00
pace16tw_contiki_uip_uip_init,0,0,2,-1,0,0,0,0.01,0.00,0.00
pace16tw_contiki_uip_uip_unlisten,0,0,2,-1,0,0,0,0.02,0.00,0.00
pace16tw_contiki_webclient_senddata,0,0,2,-1,0,0,0,0.02,0.00,0.00
pace16tw_contiki_webclient_webclient_appcall,0,0,3,-1,0,0,0,0.02,0.00,0.00
pace16tw_CycleGraph_100,0,0,2,-1,0,0,0,0.02,0.00,0.00
pace16tw_DejterGraph,112,336,-1,12,0,784,796,7200.01,0.00,0.00
pace16tw_DesarguesGraph,20,30,6,6,0,2380,2387,9.57,9.52,0.04
pace16tw_DodecahedralGraph,20,30,6,6,0,6840,6847,21.69,21.57,0.10
pace16tw_DorogovtsevGoltsevMendesGraph,0,0,2,-1,0,0,0,0.17,0.00,0.00
pace16tw_DoubleStarSnark,30,45,6,6,0,2310,2317,44.73,44.67,0.04
pace16tw_DyckGraph,32,48,7,7,0,7844,7852,205.12,204.94,0.15
pace16tw_ErreraGraph,17,45,6,6,0,117,124,0.31,0.28,0.00
pace16tw_FibonacciTree_10,0,0,1,-1,0,0,0,0.01,0.00,0.00
pace16tw_FlowerSnark,20,30,6,6,0,2140,2147,9.56,9.52,0.03
pace16tw_FoldedCubeGraph_7,64,224,-1,17,0,4544,4561,7200.01,0.00,0.00
pace16tw_FolkmanGraph,20,40,6,6,0,170,177,1.24,1.22,0.00
pace16tw_FosterGraph,90,135,-1,7,0,3690,3697,7200.01,0.00,0.00
pace16tw_FriendshipGraph_10,0,0,2,-1,0,0,0,0.02,0.00,0.00
pace16tw_fuzix_abort_abort,0,0,1,-1,0,0,0,0.01,0.00,0.00
pace16tw_fuzix_bankfixe_pagemap_alloc,0,0,2,-1,0,0,0,0.02,0.00,0.00
pace16tw_fuzix_clock_gettime_clock_gettime,0,0,2,-1,0,0,0,0.01,0.00,0.00
pace16tw_fuzix_clock_gettime_div10quickm,0,0,1,-1,0,0,0,0.01,0.00,0.00
pace16tw_fuzix_clock_settime_clock_settime,0,0,2,-1,0,0,0,0.03,0.00,0.00
pace16tw_fuzix_devf_fd_transfer,0,0,3,-1,0,0,0,0.02,0.00,0.00
pace16tw_fuzix_devio_bfind,0,0,3,-1,0,0,0,0.02,0.00,0.00
pace16tw_fuzix_devio_kprintf,0,0,3,-1,0,0,0,0.03,0.00,0.00
pace16tw_fuzix_difftime_difftime,0,0,1,-1,0,0,0,0.02,0.00,0.00
pace16tw_fuzix_fgets_fgets,0,0,3,-1,0,0,0,0.02,0.00,0.00
pace16tw_fuzix_filesys_filename,0,0,3,-1,0,0,0,0.03,0.00,0.00
pace16tw_fuzix_filesys_getinode,0,0,3,-1,0,0,0,0.02,0.00,0.00
pace16tw_fuzix_filesys_i_open,0,0,3,-1,0,0,0,0.02,0.00,0.00
pace16tw_fuzix_filesys_newfstab,0,0,2,-1,0,0,0,0.01,0.00,0.00
pace16tw_fuzix_filesys_srch_mt,0,0,3,-1,0,0,0,0.02,0.00,0.00
pace16tw_fuzix_gethostname_gethostname,0,0,2,-1,0,0,0,0.02,0.00,0.00
pace16tw_fuzix_getpass__gets,0,0,3,-1,0,0,0,0.01,0.00,0.00
pace16tw_fuzix_inode_rwsetup,0,0,2,-1,0,0,0,0.02,0.00,0.00
pace16tw_fuzix_malloc___insert_chunk,0,0,3,-1,0,0,0,0.01,0.00,0.00
pace16tw_fuzix_nanosleep_clock_nanosleep,0,0,3,-1,0,0,0,0.02,0.00,0.00
pace16tw_fuzix_process_getproc,0,0,2,-1,0,0,0,0.02,0.00,0.00
pace16tw_fuzix_qsort__lqsort,0,0,3,-1,0,0,0,0.02,0.00,0.00
pace16tw_fuzix_ran_rand,0,0,2,-1,0,0,0,0.01,0.00,0.00
pace16tw_fuzix_readdir_readdir,0,0,3,-1,0,0,0,0.01,0.00,0.00
pace16tw_fuzix_regexp_regcomp,0,0,2,-1,0,0,0,0.02,0.00,0.00
pace16tw_fuzix_setbuffer_setbuffer,0,0,2,-1,0,0,0,0.02,0.00,0.00
pace16tw_fuzix_setenv_setenv,0,0,3,-1,0,0,0,0.02,0.00,0.00
pace16tw_fuzix_se_ycomp,0,0,3,-1,0,0,0,0.02,0.00,0.00
pace16tw_fuzix_stat_statfix,0,0,1,-1,0,0,0,0.01,0.00,0.00
pace16tw_fuzix_syscall_fs2_chown_op,0,0,2,-1,0,0,0,0.01,0.00,0.00
pace16tw_fuzix_syscall_fs2__fchdir,0,0,2,-1,0,0,0,0.01,0.00,0.00
pace16tw_fuzix_syscall_proc__time,0,0,2,-1,0,0,0,0.02,0.00,0.00
pace16tw_fuzix_sysconf_sysconf,0,0,3,-1,0,0,0,0.02,0.00,0.00
pace16tw_fuzix_tty_tty_read,15,24,4,4,0,122,127,0.21,0.19,0.00
pace16tw_fuzix_usermem_ugets,0,0,2,-1,0,0,0,0.02,0.00,0.00
pace16tw_fuzix_vfscanf_vfscanf,64,108,6,6,0,10416,10423,3930.99,3930.41,0.43
pace16tw_GeneralizedPetersenGraph_10_4,20,30,6,6,0,3310,3317,12.62,12.55,0.04
pace16tw_GNP_20_10_0,11,19,4,4,0,49,54,0.07,0.04,0.00
pace16tw_GNP_20_10_1,0,0,3,-1,0,0,0,0.02,0.00,0.00
pace16tw_GNP_20_20_0,17,42,6,6,0,136,143,0.32,0.31,0.00
pace16tw_GNP_20_20_1,17,45,7,7,0,75,83,0.27,0.26,0.00
pace16tw_GNP_20_30_0,19,55,8,8,0,233,242,0.95,0.93,0.00
pace16tw_GNP_20_30_1,15,53,8,8,0,38,47,0.11,0.09,0.00
pace16tw_GNP_20_40_0,20,78,10,10,0,153,164,0.86,0.84,0.00
pace16tw_GNP_20_40_1,20,71,8,8,0,40,49,0.32,0.30,0.00
pace16tw_GNP_20_50_0,20,91,10,10,0,37,48,0.28,0.26,0.00
pace16tw_GNP_20_50_1,20,106,12,12,0,73,86,0.49,0.46,0.00
pace16tw_GoethalsSeidelGraph_2_3,16,72,11,11,0,24,36,0.14,0.12,0.00
pace16tw_GoldnerHararyGraph,0,0,3,-1,0,0,0,0.02,0.00,0.00
pace16tw_GossetGraph,56,756,-1,40,0,1568,1608,7200.00,0.00,0.00
pace16tw_GrayGraph,54,81,-1,8,0,7074,7082,7200.01,0.00,0.00
pace16tw_GrotzschGraph,11,20,5,5,0,32,38,0.04,0.03,0.00
pace16tw_HallJankoGraph,100,1800,-1,38,0,100,138,7200.01,0.00,0.00
pace16tw_HanoiTowerGraph_4_3,60,156,-1,11,0,19092,19103,7200.00,0.00,0.00
pace16tw_HararyGraph_6_15,0,0,6,-1,0,0,0,0.01,0.00,0.00
pace16tw_HarborthGraph,52,104,5,5,0,1560,1566,257.78,257.69,0.03
pace16tw_HarriesGraph,70,105,-1,8,0,9170,9178,7200.00,0.00,0.00
pace16tw_HeawoodGraph,14,21,5,5,0,182,188,0.27,0.25,0.00
pace16tw_HigmanSimsGraph,100,1100,-1,27,0,100,127,7200.01,0.00,0.00
pace16tw_HoffmanGraph,16,32,6,6,0,128,135,0.35,0.34,0.00
pace16tw_HoffmanSingletonGraph,50,175,-1,19,0,3550,3569,7200.00,0.00,0.00
pace16tw_HyperStarGraph_10_2,0,0,8,-1,0,0,0,0.03,0.00,0.00
pace16tw_IcosahedralGraph,12,30,6,6,0,132,139,0.11,0.09,0.00
pace16tw_JohnsonGraph_10_4,210,2520,-1,15,0,0,15,7200.08,0.00,0.00
pace16tw_KittellGraph,23,63,7,7,0,440,448,3.68,3.66,0.01
pace16tw_KneserGraph_10_2,45,630,35,35,0,55,91,93.80,93.75,0.00
pace16tw_KneserGraph_8_3,56,280,-1,23,0,616,639,7200.01,0.00,0.00
pace16tw_LadderGraph_20,0,0,2,-1,0,0,0,0.02,0.00,0.00
pace16tw_LjubljanaGraph,112,168,-1,6,0,1456,1462,7200.01,0.00,0.00
pace16tw_MarkstroemGraph,24,36,4,4,0,1227,1232,7.79,7.76,0.02
pace16tw_McGeeGraph,24,36,7,7,0,4802,4810,44.29,44.18,0.09
pace16tw_MeredithGraph,70,140,-1,6,0,910,916,7200.00,0.00,0.00
pace16tw_NauruGraph,24,36,6,6,0,1416,1423,14.22,14.18,0.02
pace16tw_NonisotropicOrthogonalPolarGraph_3_5,15,60,10,10,0,75,86,0.18,0.17,0.00
pace16tw_NonisotropicUnitaryPolarGraph_3_3,63,1008,-1,47,0,2079,2126,7200.02,0.00,0.00
pace16tw_OddGraph_4,35,70,12,12,0,20440,20453,3111.16,3110.56,0.57
pace16tw_OrthogonalArrayBlockGraph_4_3,0,0,8,-1,0,0,0,0.02,0.00,0.00
pace16tw_PaleyGraph_17,17,68,11,11,0,221,233,0.46,0.44,0.00
pace16tw_PappusGraph,18,27,6,6,0,1404,1411,4.56,4.53,0.02
pace16tw_PoussinGraph,15,39,6,6,0,111,118,0.23,0.21,0.00
pace16tw_random4reg,48,96,-1,11,0,12746,12757,7200.01,0.00,0.00
pace16tw_RandomBarabasiAlbert_100_2,46,130,12,12,0,9899,9912,1117.70,1117.20,0.43
pace16tw_RandomBarabasiAlbert_100_5,100,475,-1,16,0,1008,1024,7200.00,0.00,0.00
pace16tw_RandomBipartite_10_50_3,35,108,9,9,0,46,56,2.99,2.96,0.00
pace16tw_RandomBipartite_25_50_1,36,81,9,9,0,2509,2519,101.46,101.36,0.07
pace16tw_RandomBipartite_25_50_3,75,368,-1,22,0,3224,3246,7200.00,0.00,0.00
pace16tw_RandomBoundedToleranceGraph_60,58,1155,30,30,0,52,83,75.03,74.95,0.00
pace16tw_RandomBoundedToleranceGraph_80,70,1527,32,32,0,61,94,646.07,645.89,0.01
pace16tw_RandomGNM_100_100,27,46,6,6,0,896,903,11.44,11.40,0.01
pace16tw_RandomGNM_250_1000,247,997,-1,6,0,43,49,7200.10,0.00,0.00
pace16tw_RandomGNM_500_500,105,186,-1,7,0,1515,1522,7200.00,0.00,0.00
pace16tw_RandomHolmeKim_300_2_2,135,391,-1,8,0,646,654,7200.01,0.00,0.00
pace16tw_RandomHolmeKim_700_2_2,304,899,-1,3,0,0,3,7200.39,0.00,0.00
pace16tw_RandomNewmanWattsStrogatz_100_5_3,100,269,-1,9,0,1960,1969,7200.00,0.00,0.00
pace16tw_RandomNewmanWattsStrogatz_250_10_3,250,1636,-1,10,0,0,10,7200.04,0.00,0.00
pace16tw_RandomTriangulation_800,err
pace16tw_RingedTree_10,err
pace16tw_RingedTree_6,62,121,-1,7,0,6932,6939,7200.00,0.00,0.00
pace16tw_RingedTree_8,254,505,-1,3,0,0,3,7200.06,0.00,0.00
pace16tw_RKT_100_80_30_0,97,504,-1,22,0,954,976,7200.00,0.00,0.00
pace16tw_RKT_100_90_30_0,71,225,-1,16,0,5498,5514,7200.01,0.00,0.00
pace16tw_RKT_20_40_10_0,18,82,9,9,0,16,26,0.12,0.10,0.00
pace16tw_RKT_20_40_10_1,20,87,10,10,0,40,51,0.27,0.26,0.00
pace16tw_RKT_20_50_10_0,16,66,9,9,0,36,46,0.10,0.09,0.00
pace16tw_RKT_20_50_10_1,18,68,8,8,0,30,39,0.18,0.16,0.00
pace16tw_RKT_20_60_10_0,17,53,7,7,0,72,80,0.20,0.19,0.00
pace16tw_RKT_20_60_10_1,18,55,8,8,0,95,104,0.34,0.32,0.00
pace16tw_RKT_20_70_10_0,14,35,6,6,0,100,107,0.14,0.12,0.00
pace16tw_RKT_20_70_10_1,18,41,6,6,0,122,129,0.42,0.40,0.00
pace16tw_RKT_20_80_10_0,12,20,4,4,0,82,87,0.08,0.07,0.00
pace16tw_RKT_20_80_10_1,12,23,5,5,0,67,73,0.08,0.07,0.00
pace16tw_RKT_300_75_30_0,296,2128,-1,5,0,23,28,7200.79,0.00,0.00
pace16tw_RKT_300_90_30_0,195,743,-1,6,0,163,169,7200.21,0.00,0.00
pace16tw_RKT_500_80_30_0,err
pace16tw_SchlaefliGraph,27,216,21,21,0,2619,2641,18.01,17.95,0.03
pace16tw_ShrikhandeGraph,16,48,9,9,0,312,322,0.74,0.71,0.00
pace16tw_SierpinskiGasketGraph_3,0,0,3,-1,0,0,0,0.01,0.00,0.00
pace16tw_SimsGewirtzGraph,56,280,-1,23,0,616,639,7200.00,0.00,0.00
pace16tw_SquaredSkewHadamardMatrixGraph_2,49,588,40,40,0,17248,17289,5403.96,5403.48,0.41
pace16tw_SquaredSkewHadamardMatrixGraph_3,121,3630,-1,52,0,0,52,7200.01,0.00,0.00
pace16tw_StarGraph_100,0,0,1,-1,0,0,0,0.02,0.00,0.00
pace16tw_stdlib_gmtime,0,0,2,-1,0,0,0,0.02,0.00,0.00
pace16tw_stdlib_mktime,0,0,3,-1,0,0,0,0.01,0.00,0.00
pace16tw_stdlib_print_format,22,39,4,4,0,163,168,0.81,0.77,0.00
pace16tw_stdlib_sincoshf,0,0,2,-1,0,0,0,0.02,0.00,0.00
pace16tw_SylvesterGraph,36,90,-1,15,0,8496,8511,7200.00,0.00,0.00
pace16tw_SymplecticDualPolarGraph_4_4,85,850,-1,29,0,85,114,7200.00,0.00,0.00
pace16tw_SymplecticPolarGraph_4_4,85,850,-1,28,0,85,113,7200.00,0.00,0.00
pace16tw_SzekeresSnarkGraph,50,75,-1,7,0,12665,12672,7200.00,0.00,0.00
pace16tw_TaylorTwographDescendantSRG_3,27,135,17,17,0,297,315,8.37,8.35,0.01
pace16tw_TaylorTwographSRG_3,28,210,22,22,0,400,423,7.52,7.49,0.01
pace16tw_Toroidal6RegularGrid2dGraph_4_6,24,72,9,9,0,540,550,7.30,7.28,0.01
pace16tw_Tutte12Cage,126,189,-1,5,0,504,509,7200.01,0.00,0.00
pace16tw_WheelGraph_100,0,0,3,-1,0,0,0,0.06,0.00,0.00
pace16tw_WorldMap,46,107,5,5,0,975,981,160.05,159.95,0.03
pace17mf_100,106,273,-1,7,0,1313,1320,7200.00,0.00,0.00
pace17mf_10,112,5307,-1,86,0,551,637,7200.01,0.00,0.00
pace17mf_11,39,251,19,19,0,1267,1287,252.37,252.29,0.04
pace17mf_12,0,0,3,-1,0,0,0,0.02,0.00,0.00
pace17mf_13,32,56,5,5,0,1725,1731,35.94,35.88,0.03
pace17mf_14,0,0,17,-1,0,0,0,0.04,0.00,0.00
pace17mf_15,err
pace17mf_16,149,8906,-1,89,0,20,109,7200.01,0.00,0.00
pace17mf_17,err
pace17mf_18,38,109,9,9,0,4407,4417,229.45,229.23,0.16
pace17mf_19,121,391,-1,9,0,869,878,7200.01,0.00,0.00
pace17mf_1,err
pace17mf_20,0,0,2,-1,0,0,0,0.02,0.00,0.00
pace17mf_21,err
pace17mf_22,194,15761,-1,111,0,7,118,7200.08,0.00,0.00
pace17mf_23,123,567,-1,10,0,717,727,7200.00,0.00,0.00
pace17mf_24,30,97,10,10,0,1294,1305,31.45,31.35,0.05
pace17mf_25,err
pace17mf_26,96,3789,70,70,0,1446,1517,3441.29,3440.91,0.09
pace17mf_27,0,0,17,-1,0,0,0,0.03,0.00,0.00
pace17mf_28,0,0,33,-1,0,0,0,0.03,0.00,0.00
pace17mf_29,148,312,-1,6,0,360,366,7200.01,0.00,0.00
pace17mf_2,79,2752,65,65,0,100,166,328.15,327.97,0.01
pace17mf_30,121,2004,-1,25,0,30,77,7200.01,0.00,0.00
pace17mf_31,59,159,9,9,0,3955,3965,1430.78,1430.49,0.18
pace17mf_32,339,1479,-1,3,0,0,3,7200.96,0.00,0.00
pace17mf_33,256,27133,-1,132,0,4,136,7200.04,0.00,0.00
pace17mf_34,err
pace17mf_35,err
pace17mf_36,7,11,3,3,0,8,12,0.02,0.00,0.00
pace17mf_37,176,443,-1,6,0,154,160,7200.01,0.00,0.00
pace17mf_38,173,375,-1,5,0,132,137,7200.01,0.00,0.00
pace17mf_39,0,0,175,-1,0,0,0,0.09,0.00,0.00
pace17mf_3,51,492,20,20,0,226,261,429.18,429.09,0.01
pace17mf_40,112,5332,-1,86,0,1106,1192,7200.01,0.00,0.00
pace17mf_41,err
pace17mf_42,38,683,34,34,0,17,52,0.24,0.20,0.00
pace17mf_43,0,0,7,-1,0,0,0,0.01,0.00,0.00
pace17mf_44,87,3228,66,66,0,289,356,880.09,879.87,0.02
pace17mf_45,0,0,3,-1,0,0,0,0.02,0.00,0.00
pace17mf_46,201,520,-1,5,0,33,38,7200.02,0.00,0.00
pace17mf_47,190,1774,-1,11,0,17,28,7200.02,0.00,0.00
pace17mf_48,0,0,96,-1,0,0,0,0.06,0.00,0.00
pace17mf_49,0,0,3,-1,0,0,0,0.36,0.00,0.00
pace17mf_4,0,0,100,-1,0,0,0,0.04,0.00,0.00
pace17mf_50,22,223,19,19,0,7,27,0.05,0.03,0.00
pace17mf_51,29,387,25,25,0,9,35,0.12,0.10,0.00
pace17mf_52,223,498,-1,4,0,25,29,7200.03,0.00,0.00
pace17mf_53,0,0,23,-1,0,0,0,0.04,0.00,0.00
pace17mf_54,0,0,23,-1,0,0,0,0.06,0.00,0.00
pace17mf_55,0,0,23,-1,0,0,0,0.04,0.00,0.00
pace17mf_56,0,0,180,-1,0,0,0,0.18,0.00,0.00
pace17mf_57,err
pace17mf_58,0,0,35,-1,0,0,0,0.03,0.00,0.00
pace17mf_59,116,1283,-1,20,0,238,258,7200.01,0.00,0.00
pace17mf_5,0,0,3,-1,0,0,0,0.02,0.00,0.00
pace17mf_60,0,0,17,-1,0,0,0,0.04,0.00,0.00
pace17mf_61,0,0,23,-1,0,0,0,0.04,0.00,0.00
pace17mf_62,67,1927,53,53,0,127,181,115.05,114.92,0.01
pace17mf_63,0,0,96,-1,0,0,0,3.29,0.00,0.00
pace17mf_64,0,0,96,-1,0,0,0,0.06,0.00,0.00
pace17mf_65,276,749,-1,4,0,5,9,7200.46,0.00,0.00
pace17mf_66,0,0,17,-1,0,0,0,0.04,0.00,0.00
pace17mf_67,48,88,7,7,0,6633,6641,998.49,998.24,0.18
pace17mf_68,err
pace17mf_69,154,9942,-1,99,0,15,114,7200.01,0.00,0.00
pace17mf_6,0,0,23,-1,0,0,0,0.02,0.00,0.00
pace17mf_70,44,77,7,7,0,10221,10229,932.92,932.59,0.27
pace17mf_71,0,0,81,-1,0,0,0,0.10,0.00,0.00
pace17mf_72,285,5229,-1,17,0,0,17,7200.31,0.00,0.00
pace17mf_73,0,0,17,-1,0,0,0,0.06,0.00,0.00
pace17mf_74,0,0,16,-1,0,0,0,0.02,0.00,0.00
pace17mf_75,0,0,20,-1,0,0,0,0.02,0.00,0.00
pace17mf_76,38,625,30,30,0,55,86,0.99,0.96,0.00
pace17mf_77,132,7518,-1,100,0,81,181,7200.01,0.00,0.00
pace17mf_78,151,9651,-1,99,0,34,133,7200.01,0.00,0.00
pace17mf_79,89,3474,73,73,0,527,601,1053.38,1053.09,0.03
pace17mf_7,err
pace17mf_80,err
pace17mf_81,190,15073,-1,111,0,15,126,7200.01,0.00,0.00
pace17mf_82,err
pace17mf_83,155,10241,-1,105,0,17,122,7200.01,0.00,0.00
pace17mf_84,0,0,2,-1,0,0,0,0.02,0.00,0.00
pace17mf_85,0,0,75,-1,0,0,0,0.04,0.00,0.00
pace17mf_86,71,126,5,5,0,1853,1859,3765.17,3764.95,0.07
pace17mf_87,0,0,65,-1,0,0,0,0.02,0.00,0.00
pace17mf_88,err
pace17mf_89,106,4665,76,76,0,455,532,5111.21,5110.82,0.04
pace17mf_8,91,3550,68,68,0,557,626,983.77,983.53,0.03
pace17mf_90,243,462,-1,3,0,0,3,7200.03,0.00,0.00
pace17mf_91,115,245,-1,6,0,784,790,7200.01,0.00,0.00
pace17mf_92,76,158,-1,7,0,2371,2378,7200.01,0.00,0.00
pace17mf_93,err
pace17mf_94,278,5139,-1,15,0,1,16,7200.26,0.00,0.00
pace17mf_95,250,590,-1,3,0,1,4,7200.31,0.00,0.00
pace17mf_96,146,522,-1,8,0,537,557,7200.01,0.00,0.00
pace17mf_97,202,569,-1,4,0,18,22,7200.12,0.00,0.00
pace17mf_98,101,200,-1,6,0,1018,1024,7200.01,0.00,0.00
pace17mf_99,98,237,-1,8,0,1937,1945,7200.00,0.00,0.00
pace17mf_9,22,199,16,16,0,15,32,0.10,0.08,0.00
pace17tw_ex001,215,534,-1,4,0,18,22,7200.02,0.00,0.00
pace17tw_ex003,92,2113,-1,33,0,155,188,7200.01,0.00,0.00
pace17tw_ex005,273,452,-1,3,0,4,7,7200.44,0.00,0.00
pace17tw_ex007,70,227,-1,10,0,5966,5976,7200.00,0.00,0.00
pace17tw_ex009,252,402,-1,3,0,4,7,7200.03,0.00,0.00
pace17tw_ex011,250,590,-1,3,0,1,4,7200.03,0.00,0.00
pace17tw_ex013,56,280,-1,23,0,616,639,7200.00,0.00,0.00
pace17tw_ex015,111,446,-1,9,0,483,492,7200.01,0.00,0.00
pace17tw_ex017,133,253,-1,5,0,902,907,7200.02,0.00,0.00
pace17tw_ex019,234,654,-1,4,0,5,9,7200.31,0.00,0.00
pace17tw_ex021,162,318,-1,4,0,118,122,7200.01,0.00,0.00
pace17tw_ex023,196,398,-1,3,0,96,110,7200.19,0.00,0.00
pace17tw_ex025,92,472,-1,15,0,1644,1659,7200.00,0.00,0.00
pace17tw_ex027,232,647,-1,4,0,5,9,7200.30,0.00,0.00
pace17tw_ex029,101,189,-1,6,0,1911,1917,7200.00,0.00,0.00
pace17tw_ex031,179,320,-1,4,0,158,162,7200.05,0.00,0.00
pace17tw_ex033,268,418,-1,3,0,0,3,7200.26,0.00,0.00
pace17tw_ex035,146,522,-1,8,0,537,557,7200.01,0.00,0.00
pace17tw_ex037,230,533,-1,3,0,0,3,7200.09,0.00,0.00
pace17tw_ex039,56,280,-1,22,0,616,638,7200.00,0.00,0.00
pace17tw_ex041,82,148,-1,6,0,2512,2518,7200.00,0.00,0.00
pace17tw_ex043,141,281,-1,4,0,92,96,7200.01,0.00,0.00
pace17tw_ex045,169,260,-1,3,0,1,4,7200.01,0.00,0.00
pace17tw_ex047,err
pace17tw_ex049,74,239,-1,10,0,4554,4564,7200.00,0.00,0.00
pace17tw_ex051,74,151,-1,8,0,11252,11260,7200.00,0.00,0.00
pace17tw_ex053,106,202,-1,6,0,2403,2409,7200.00,0.00,0.00
pace17tw_ex055,78,337,-1,10,0,4023,4061,7200.00,0.00,0.00
pace17tw_ex057,0,0,117,-1,0,0,0,0.07,0.00,0.00
pace17tw_ex059,202,569,-1,4,0,18,22,7200.11,0.00,0.00
pace17tw_ex061,154,1047,-1,12,0,228,240,7200.01,0.00,0.00
pace17tw_ex063,64,519,-1,29,0,3091,3120,7200.00,0.00,0.00
pace17tw_ex065,50,175,-1,19,0,3550,3569,7200.00,0.00,0.00
pace17tw_ex067,115,231,-1,6,0,1088,1094,7200.01,0.00,0.00
pace17tw_ex069,186,357,-1,4,0,106,110,7200.02,0.00,0.00
pace17tw_ex071,125,230,-1,5,0,785,790,7200.01,0.00,0.00
pace17tw_ex073,err
pace17tw_ex075,98,330,8,8,0,1118,1127,2893.17,2892.55,0.08
pace17tw_ex077,99,203,-1,7,0,5065,5072,7200.01,0.00,0.00
pace17tw_ex079,290,4467,-1,8,0,2,10,7200.60,0.00,0.00
pace17tw_ex081,155,514,-1,5,0,61,66,7200.01,0.00,0.00
pace17tw_ex083,101,200,-1,7,0,4439,4446,7200.01,0.00,0.00
pace17tw_ex085,177,292,-1,3,0,0,3,7200.03,0.00,0.00
pace17tw_ex087,err
pace17tw_ex089,182,351,-1,4,0,132,136,7200.01,0.00,0.00
pace17tw_ex091,155,278,-1,4,0,122,126,7200.01,0.00,0.00
pace17tw_ex093,293,448,-1,2,0,0,2,7200.23,0.00,0.00
pace17tw_ex095,185,470,-1,4,0,7,11,7200.20,0.00,0.00
pace17tw_ex097,231,3352,-1,11,0,9,20,7200.05,0.00,0.00
pace17tw_ex099,err
pace17tw_ex101,0,0,540,-1,0,0,0,1.30,0.00,0.00
pace17tw_ex103,107,210,-1,6,0,1697,1703,7200.02,0.00,0.00
pace17tw_ex105,0,0,540,-1,0,0,0,1.29,0.00,0.00
pace17tw_ex107,98,237,-1,8,0,1937,1945,7200.01,0.00,0.00
pace17tw_ex109,err
pace17tw_ex111,150,277,-1,4,0,254,258,7200.01,0.00,0.00
pace17tw_ex113,89,480,-1,14,0,1187,1201,7200.00,0.00,0.00
pace17tw_ex115,0,0,908,-1,0,0,0,5.11,0.00,0.00
pace17tw_ex117,71,168,-1,9,0,3710,3719,7200.00,0.00,0.00
pace17tw_ex119,84,479,-1,15,0,4789,4804,7200.00,0.00,0.00
pace17tw_ex121,130,1044,-1,6,0,85,91,7200.01,0.00,0.00
pace17tw_ex123,74,554,-1,25,0,2689,2714,7200.00,0.00,0.00
pace17tw_ex125,err
pace17tw_ex127,92,246,-1,8,0,1881,1895,7200.00,0.00,0.00
pace17tw_ex129,212,749,-1,4,0,14,18,7200.07,0.00,0.00
pace17tw_ex131,194,979,-1,5,0,984,1003,7200.14,0.00,0.00
pace17tw_ex133,err
pace17tw_ex135,0,0,87,-1,0,0,0,0.68,0.00,0.00
pace17tw_ex137,178,1040,-1,4,0,4,8,7200.01,0.00,0.00
pace17tw_ex139,149,271,-1,4,0,137,141,7200.05,0.00,0.00
pace17tw_ex141,64,504,-1,29,0,3385,3414,7200.00,0.00,0.00
pace17tw_ex143,86,585,-1,14,0,2220,2234,7200.01,0.00,0.00
pace17tw_ex147,97,598,-1,14,0,656,670,7200.00,0.00,0.00
pace17tw_ex149,354,1263,-1,3,0,40,103,7201.02,0.00,0.00
pace17tw_ex151,234,660,-1,4,0,6,10,7200.28,0.00,0.00
pace17tw_ex153,err
pace17tw_ex155,err
pace17tw_ex157,137,267,-1,4,0,97,101,7200.03,0.00,0.00
pace17tw_ex159,err
pace17tw_ex161,err
pace17tw_ex163,117,234,-1,6,0,1835,1841,7200.01,0.00,0.00
pace17tw_ex165,61,193,-1,12,0,10271,10283,7200.00,0.00,0.00
pace17tw_ex167,341,691,-1,3,0,1,4,7200.49,0.00,0.00
pace17tw_ex169,err
pace17tw_ex171,178,573,-1,4,0,13,17,7200.01,0.00,0.00
pace17tw_ex173,286,605,-1,3,0,4,7,7200.16,0.00,0.00
pace17tw_ex175,213,965,-1,5,0,37,42,7200.03,0.00,0.00
pace17tw_ex177,63,198,-1,12,0,9834,9846,7200.01,0.00,0.00
pace17tw_ex179,111,218,-1,6,0,1418,1424,7200.01,0.00,0.00
pace17tw_ex181,105,724,-1,15,0,716,731,7200.00,0.00,0.00
pace17tw_ex183,105,216,-1,7,0,3129,3136,7200.00,0.00,0.00
pace17tw_ex185,67,208,-1,12,0,10141,10153,7200.00,0.00,0.00
pace17tw_ex187,130,269,-1,5,0,481,486,7200.01,0.00,0.00
pace17tw_ex189,161,4431,-1,26,0,29,55,7200.05,0.00,0.00
pace17tw_ex191,291,1046,-1,3,0,320,347,7200.40,0.00,0.00
pace17tw_ex193,err
pace17tw_ex195,109,206,-1,6,0,2258,2264,7200.00,0.00,0.00
pace17tw_ex197,83,297,-1,10,0,2191,2201,7200.00,0.00,0.00
pace17tw_ex199,175,318,-1,3,0,0,3,7200.01,0.00,0.00
pathfinder,12,43,6,6,0,9,16,0.03,0.01,0.00
pathfinder-pp,12,43,6,6,0,9,16,0.03,0.01,0.00
qg.order100,err
qg.order30,err
qg.order40,err
qg.order60,err
queen10_10,100,1470,-1,33,0,84,117,7200.01,0.00,0.00
queen11_11,121,1980,-1,30,0,0,30,7200.01,0.00,0.00
queen12_12,144,2596,-1,27,0,0,27,7200.01,0.00,0.00
queen13_13,169,3328,-1,26,0,0,26,7200.12,0.00,0.00
queen14_14,196,4186,-1,27,0,0,27,7200.02,0.00,0.00
queen15_15,225,5180,-1,24,0,0,24,7200.06,0.00,0.00
queen16_16,256,6320,-1,23,0,0,23,7200.49,0.00,0.00
queen5_5,25,160,18,18,0,903,922,9.37,9.33,0.01
queen6_6,36,290,25,25,0,1598,1624,178.59,178.52,0.04
queen7_7,49,476,-1,35,0,11445,11480,7200.00,0.00,0.00
queen8_12,96,1368,-1,32,0,84,116,7200.01,0.00,0.00
queen8_8,64,728,-1,35,0,700,735,7200.00,0.00,0.00
queen9_9,81,1056,-1,34,0,81,115,7200.01,0.00,0.00
r125.1c,125,7501,117,117,0,21,139,581.52,581.00,0.00
r125.1,10,24,5,5,0,30,36,0.04,0.02,0.00
r125.5,125,3838,-1,43,0,65,108,7200.01,0.00,0.00
school1,err
school1_nsh,err
ship-ship-pp,30,77,8,8,0,3596,3605,73.50,73.39,0.09
wap01a,err
wap02a,err
wap03a,err
wap04a,err
wap05a,err
wap06a,err
wap07a,err
wap08a,err
water,23,98,9,9,0,120,130,1.30,1.27,0.00
will199GPIA,err
win95pts,20,70,8,8,0,146,155,0.82,0.80,0.00
zeroin.i.1,125,4072,-1,45,0,153,198,7200.01,0.00,0.00
zeroin.i.2,157,3541,-1,30,0,80,110,7200.01,0.00,0.00
zeroin.i.3,157,3540,-1,28,0,49,77,7200.01,0.00,0.00
